Titolo,ID,Durata,Spotify URL,URI,Album
NADIE SABE,23d8v6tU6lR77pFKsApMtF,6.32,"<a href=""https://open.spotify.com/track/23d8v6tU6lR77pFKsApMtF"" target=""_blank"">https://open.spotify.com/track/23d8v6tU6lR77pFKsApMtF</a>",23d8v6tU6lR77pFKsApMtF,nadie sabe lo que va a pasar mañana
MONACO,4MjDJD8cW7iVeWInc2Bdyj,4.45,"<a href=""https://open.spotify.com/track/4MjDJD8cW7iVeWInc2Bdyj"" target=""_blank"">https://open.spotify.com/track/4MjDJD8cW7iVeWInc2Bdyj</a>",4MjDJD8cW7iVeWInc2Bdyj,nadie sabe lo que va a pasar mañana
FINA,3nNmRE0DxHC6ZaKkrpUumS,3.61,"<a href=""https://open.spotify.com/track/3nNmRE0DxHC6ZaKkrpUumS"" target=""_blank"">https://open.spotify.com/track/3nNmRE0DxHC6ZaKkrpUumS</a>",3nNmRE0DxHC6ZaKkrpUumS,nadie sabe lo que va a pasar mañana
HIBIKI,4qSEvFGCpde73gqIuq3sho,3.47,"<a href=""https://open.spotify.com/track/4qSEvFGCpde73gqIuq3sho"" target=""_blank"">https://open.spotify.com/track/4qSEvFGCpde73gqIuq3sho</a>",4qSEvFGCpde73gqIuq3sho,nadie sabe lo que va a pasar mañana
MR. OCTOBER,1ODFVLQszq0hCOdZtqV5wq,3.15,"<a href=""https://open.spotify.com/track/1ODFVLQszq0hCOdZtqV5wq"" target=""_blank"">https://open.spotify.com/track/1ODFVLQszq0hCOdZtqV5wq</a>",1ODFVLQszq0hCOdZtqV5wq,nadie sabe lo que va a pasar mañana
CYBERTRUCK,4Jc7252S1P99DjQ1lNGEOc,3.2,"<a href=""https://open.spotify.com/track/4Jc7252S1P99DjQ1lNGEOc"" target=""_blank"">https://open.spotify.com/track/4Jc7252S1P99DjQ1lNGEOc</a>",4Jc7252S1P99DjQ1lNGEOc,nadie sabe lo que va a pasar mañana
VOU 787,0rDQZJtSGgsB2rdkObpdFa,2.06,"<a href=""https://open.spotify.com/track/0rDQZJtSGgsB2rdkObpdFa"" target=""_blank"">https://open.spotify.com/track/0rDQZJtSGgsB2rdkObpdFa</a>",0rDQZJtSGgsB2rdkObpdFa,nadie sabe lo que va a pasar mañana
SEDA,1YnChEM51BVZ5dRhbVFEMl,3.17,"<a href=""https://open.spotify.com/track/1YnChEM51BVZ5dRhbVFEMl"" target=""_blank"">https://open.spotify.com/track/1YnChEM51BVZ5dRhbVFEMl</a>",1YnChEM51BVZ5dRhbVFEMl,nadie sabe lo que va a pasar mañana
GRACIAS POR NADA,1U3A66OHQyTu4N2QTMsP86,2.96,"<a href=""https://open.spotify.com/track/1U3A66OHQyTu4N2QTMsP86"" target=""_blank"">https://open.spotify.com/track/1U3A66OHQyTu4N2QTMsP86</a>",1U3A66OHQyTu4N2QTMsP86,nadie sabe lo que va a pasar mañana
TELEFONO NUEVO,01ppKlDRCmPpusO3yNrSRY,5.91,"<a href=""https://open.spotify.com/track/01ppKlDRCmPpusO3yNrSRY"" target=""_blank"">https://open.spotify.com/track/01ppKlDRCmPpusO3yNrSRY</a>",01ppKlDRCmPpusO3yNrSRY,nadie sabe lo que va a pasar mañana
BABY NUEVA,3NhstUmrlhaN1M6hP8zMbb,4.01,"<a href=""https://open.spotify.com/track/3NhstUmrlhaN1M6hP8zMbb"" target=""_blank"">https://open.spotify.com/track/3NhstUmrlhaN1M6hP8zMbb</a>",3NhstUmrlhaN1M6hP8zMbb,nadie sabe lo que va a pasar mañana
MERCEDES CAROTA,3TYOH7ta0101NYssoH5GlU,3.38,"<a href=""https://open.spotify.com/track/3TYOH7ta0101NYssoH5GlU"" target=""_blank"">https://open.spotify.com/track/3TYOH7ta0101NYssoH5GlU</a>",3TYOH7ta0101NYssoH5GlU,nadie sabe lo que va a pasar mañana
LOS PITS,7ucEkWU0SVy0XFdfXESgfY,4.18,"<a href=""https://open.spotify.com/track/7ucEkWU0SVy0XFdfXESgfY"" target=""_blank"">https://open.spotify.com/track/7ucEkWU0SVy0XFdfXESgfY</a>",7ucEkWU0SVy0XFdfXESgfY,nadie sabe lo que va a pasar mañana
VUELVE CANDY B,3mRF0YNsDdFKFnxwg16hSz,4.44,"<a href=""https://open.spotify.com/track/3mRF0YNsDdFKFnxwg16hSz"" target=""_blank"">https://open.spotify.com/track/3mRF0YNsDdFKFnxwg16hSz</a>",3mRF0YNsDdFKFnxwg16hSz,nadie sabe lo que va a pasar mañana
BATICANO,5qzLdvRViHUrRNdkpakG7C,4.27,"<a href=""https://open.spotify.com/track/5qzLdvRViHUrRNdkpakG7C"" target=""_blank"">https://open.spotify.com/track/5qzLdvRViHUrRNdkpakG7C</a>",5qzLdvRViHUrRNdkpakG7C,nadie sabe lo que va a pasar mañana
NO ME QUIERO CASAR,39L3LdlHS3gqB62HPWaJRg,3.76,"<a href=""https://open.spotify.com/track/39L3LdlHS3gqB62HPWaJRg"" target=""_blank"">https://open.spotify.com/track/39L3LdlHS3gqB62HPWaJRg</a>",39L3LdlHS3gqB62HPWaJRg,nadie sabe lo que va a pasar mañana
WHERE SHE GOES,2sTDlCxmuZCTDKKk9f1qus,3.86,"<a href=""https://open.spotify.com/track/2sTDlCxmuZCTDKKk9f1qus"" target=""_blank"">https://open.spotify.com/track/2sTDlCxmuZCTDKKk9f1qus</a>",2sTDlCxmuZCTDKKk9f1qus,nadie sabe lo que va a pasar mañana
THUNDER Y LIGHTNING,4pcafPzLDSqQktqSpxHL3E,3.62,"<a href=""https://open.spotify.com/track/4pcafPzLDSqQktqSpxHL3E"" target=""_blank"">https://open.spotify.com/track/4pcafPzLDSqQktqSpxHL3E</a>",4pcafPzLDSqQktqSpxHL3E,nadie sabe lo que va a pasar mañana
PERRO NEGRO,7iQXYTyuG13aoeHxGG28Nh,2.71,"<a href=""https://open.spotify.com/track/7iQXYTyuG13aoeHxGG28Nh"" target=""_blank"">https://open.spotify.com/track/7iQXYTyuG13aoeHxGG28Nh</a>",7iQXYTyuG13aoeHxGG28Nh,nadie sabe lo que va a pasar mañana
EUROPA :(,6vh4S1z08AjGipGAEsV62e,0.2,"<a href=""https://open.spotify.com/track/6vh4S1z08AjGipGAEsV62e"" target=""_blank"">https://open.spotify.com/track/6vh4S1z08AjGipGAEsV62e</a>",6vh4S1z08AjGipGAEsV62e,nadie sabe lo que va a pasar mañana
Moscow Mule,6Xom58OOXk2SoU711L2IXO,4.1,"<a href=""https://open.spotify.com/track/6Xom58OOXk2SoU711L2IXO"" target=""_blank"">https://open.spotify.com/track/6Xom58OOXk2SoU711L2IXO</a>",6Xom58OOXk2SoU711L2IXO,Un Verano Sin Ti
Después de la Playa,1dm6z1fWB0cErMszU25dy2,3.84,"<a href=""https://open.spotify.com/track/1dm6z1fWB0cErMszU25dy2"" target=""_blank"">https://open.spotify.com/track/1dm6z1fWB0cErMszU25dy2</a>",1dm6z1fWB0cErMszU25dy2,Un Verano Sin Ti
Me Porto Bonito,6Sq7ltF9Qa7SNFBsV5Cogx,2.98,"<a href=""https://open.spotify.com/track/6Sq7ltF9Qa7SNFBsV5Cogx"" target=""_blank"">https://open.spotify.com/track/6Sq7ltF9Qa7SNFBsV5Cogx</a>",6Sq7ltF9Qa7SNFBsV5Cogx,Un Verano Sin Ti
Tití Me Preguntó,1IHWl5LamUGEuP4ozKQSXZ,4.06,"<a href=""https://open.spotify.com/track/1IHWl5LamUGEuP4ozKQSXZ"" target=""_blank"">https://open.spotify.com/track/1IHWl5LamUGEuP4ozKQSXZ</a>",1IHWl5LamUGEuP4ozKQSXZ,Un Verano Sin Ti
Un Ratito,5CzixCxDkRXX9mScCmah8O,2.95,"<a href=""https://open.spotify.com/track/5CzixCxDkRXX9mScCmah8O"" target=""_blank"">https://open.spotify.com/track/5CzixCxDkRXX9mScCmah8O</a>",5CzixCxDkRXX9mScCmah8O,Un Verano Sin Ti
Yo No Soy Celoso,5kVZxyMY1gfdCLiChsfjn1,3.85,"<a href=""https://open.spotify.com/track/5kVZxyMY1gfdCLiChsfjn1"" target=""_blank"">https://open.spotify.com/track/5kVZxyMY1gfdCLiChsfjn1</a>",5kVZxyMY1gfdCLiChsfjn1,Un Verano Sin Ti
Tarot,41oY4WCTj5kccfesTVFnvN,3.96,"<a href=""https://open.spotify.com/track/41oY4WCTj5kccfesTVFnvN"" target=""_blank"">https://open.spotify.com/track/41oY4WCTj5kccfesTVFnvN</a>",41oY4WCTj5kccfesTVFnvN,Un Verano Sin Ti
Neverita,31i56LZnwE6uSu3exoHjtB,2.89,"<a href=""https://open.spotify.com/track/31i56LZnwE6uSu3exoHjtB"" target=""_blank"">https://open.spotify.com/track/31i56LZnwE6uSu3exoHjtB</a>",31i56LZnwE6uSu3exoHjtB,Un Verano Sin Ti
La Corriente,1797zYiX4cKosMH836X9Gt,3.31,"<a href=""https://open.spotify.com/track/1797zYiX4cKosMH836X9Gt"" target=""_blank"">https://open.spotify.com/track/1797zYiX4cKosMH836X9Gt</a>",1797zYiX4cKosMH836X9Gt,Un Verano Sin Ti
Efecto,5Eax0qFko2dh7Rl2lYs3bx,3.55,"<a href=""https://open.spotify.com/track/5Eax0qFko2dh7Rl2lYs3bx"" target=""_blank"">https://open.spotify.com/track/5Eax0qFko2dh7Rl2lYs3bx</a>",5Eax0qFko2dh7Rl2lYs3bx,Un Verano Sin Ti
Party,4tYFy8ALRjIZvnvSLw5lxN,3.79,"<a href=""https://open.spotify.com/track/4tYFy8ALRjIZvnvSLw5lxN"" target=""_blank"">https://open.spotify.com/track/4tYFy8ALRjIZvnvSLw5lxN</a>",4tYFy8ALRjIZvnvSLw5lxN,Un Verano Sin Ti
Aguacero,2uflssWlCaJ6CbTMOsUpNI,3.52,"<a href=""https://open.spotify.com/track/2uflssWlCaJ6CbTMOsUpNI"" target=""_blank"">https://open.spotify.com/track/2uflssWlCaJ6CbTMOsUpNI</a>",2uflssWlCaJ6CbTMOsUpNI,Un Verano Sin Ti
Enséñame a Bailar,2NMjggapJcXXM7WccGEBUO,2.93,"<a href=""https://open.spotify.com/track/2NMjggapJcXXM7WccGEBUO"" target=""_blank"">https://open.spotify.com/track/2NMjggapJcXXM7WccGEBUO</a>",2NMjggapJcXXM7WccGEBUO,Un Verano Sin Ti
Ojitos Lindos,3k3NWokhRRkEPhCzPmV8TW,4.3,"<a href=""https://open.spotify.com/track/3k3NWokhRRkEPhCzPmV8TW"" target=""_blank"">https://open.spotify.com/track/3k3NWokhRRkEPhCzPmV8TW</a>",3k3NWokhRRkEPhCzPmV8TW,Un Verano Sin Ti
Dos Mil 16,4d4ZXH4dr5bYfgErHiZCX2,3.48,"<a href=""https://open.spotify.com/track/4d4ZXH4dr5bYfgErHiZCX2"" target=""_blank"">https://open.spotify.com/track/4d4ZXH4dr5bYfgErHiZCX2</a>",4d4ZXH4dr5bYfgErHiZCX2,Un Verano Sin Ti
El Apagón,0UvZcEfpzVyx47QsRbjyBz,3.36,"<a href=""https://open.spotify.com/track/0UvZcEfpzVyx47QsRbjyBz"" target=""_blank"">https://open.spotify.com/track/0UvZcEfpzVyx47QsRbjyBz</a>",0UvZcEfpzVyx47QsRbjyBz,Un Verano Sin Ti
Otro Atardecer,0E0DRHf5PfMeor0ZCwB3oT,4.07,"<a href=""https://open.spotify.com/track/0E0DRHf5PfMeor0ZCwB3oT"" target=""_blank"">https://open.spotify.com/track/0E0DRHf5PfMeor0ZCwB3oT</a>",0E0DRHf5PfMeor0ZCwB3oT,Un Verano Sin Ti
Un Coco,6VrQTLzzuyGIYjUDe4kAZk,3.27,"<a href=""https://open.spotify.com/track/6VrQTLzzuyGIYjUDe4kAZk"" target=""_blank"">https://open.spotify.com/track/6VrQTLzzuyGIYjUDe4kAZk</a>",6VrQTLzzuyGIYjUDe4kAZk,Un Verano Sin Ti
Andrea,44XjoNvtwevktFKjvVe1vH,5.66,"<a href=""https://open.spotify.com/track/44XjoNvtwevktFKjvVe1vH"" target=""_blank"">https://open.spotify.com/track/44XjoNvtwevktFKjvVe1vH</a>",44XjoNvtwevktFKjvVe1vH,Un Verano Sin Ti
Me Fui de Vacaciones,28GCbKgjlVD9eDmasGbe0T,3.02,"<a href=""https://open.spotify.com/track/28GCbKgjlVD9eDmasGbe0T"" target=""_blank"">https://open.spotify.com/track/28GCbKgjlVD9eDmasGbe0T</a>",28GCbKgjlVD9eDmasGbe0T,Un Verano Sin Ti
EL MUNDO ES MÍO,36DHxTW2xdr9GG15T9oK9L,2.75,"<a href=""https://open.spotify.com/track/36DHxTW2xdr9GG15T9oK9L"" target=""_blank"">https://open.spotify.com/track/36DHxTW2xdr9GG15T9oK9L</a>",36DHxTW2xdr9GG15T9oK9L,EL ÚLTIMO TOUR DEL MUNDO
TE MUDASTE,5RubKOuDoPn5Kj5TLVxSxY,2.17,"<a href=""https://open.spotify.com/track/5RubKOuDoPn5Kj5TLVxSxY"" target=""_blank"">https://open.spotify.com/track/5RubKOuDoPn5Kj5TLVxSxY</a>",5RubKOuDoPn5Kj5TLVxSxY,EL ÚLTIMO TOUR DEL MUNDO
HOY COBRÉ,0tjZv2hChdHZCW1zFXpy1J,2.7,"<a href=""https://open.spotify.com/track/0tjZv2hChdHZCW1zFXpy1J"" target=""_blank"">https://open.spotify.com/track/0tjZv2hChdHZCW1zFXpy1J</a>",0tjZv2hChdHZCW1zFXpy1J,EL ÚLTIMO TOUR DEL MUNDO
MALDITA POBREZA,0Lsis3LB0XAK6XlTHXaJk2,3.56,"<a href=""https://open.spotify.com/track/0Lsis3LB0XAK6XlTHXaJk2"" target=""_blank"">https://open.spotify.com/track/0Lsis3LB0XAK6XlTHXaJk2</a>",0Lsis3LB0XAK6XlTHXaJk2,EL ÚLTIMO TOUR DEL MUNDO
LA NOCHE DE ANOCHE,2XIc1pqjXV3Cr2BQUGNBck,3.39,"<a href=""https://open.spotify.com/track/2XIc1pqjXV3Cr2BQUGNBck"" target=""_blank"">https://open.spotify.com/track/2XIc1pqjXV3Cr2BQUGNBck</a>",2XIc1pqjXV3Cr2BQUGNBck,EL ÚLTIMO TOUR DEL MUNDO
TE DESEO LO MEJOR,23XjN1s3DZC8Q9ZwuorYY4,2.33,"<a href=""https://open.spotify.com/track/23XjN1s3DZC8Q9ZwuorYY4"" target=""_blank"">https://open.spotify.com/track/23XjN1s3DZC8Q9ZwuorYY4</a>",23XjN1s3DZC8Q9ZwuorYY4,EL ÚLTIMO TOUR DEL MUNDO
YO VISTO ASÍ,5fROvzNghPid8mbKNDYvpJ,3.19,"<a href=""https://open.spotify.com/track/5fROvzNghPid8mbKNDYvpJ"" target=""_blank"">https://open.spotify.com/track/5fROvzNghPid8mbKNDYvpJ</a>",5fROvzNghPid8mbKNDYvpJ,EL ÚLTIMO TOUR DEL MUNDO
HACIENDO QUE ME AMAS,26QApq0cuO9brJigr0C0W4,3.63,"<a href=""https://open.spotify.com/track/26QApq0cuO9brJigr0C0W4"" target=""_blank"">https://open.spotify.com/track/26QApq0cuO9brJigr0C0W4</a>",26QApq0cuO9brJigr0C0W4,EL ÚLTIMO TOUR DEL MUNDO
BOOKER T,26w9NTiE9NGjW1ZvIOd1So,2.61,"<a href=""https://open.spotify.com/track/26w9NTiE9NGjW1ZvIOd1So"" target=""_blank"">https://open.spotify.com/track/26w9NTiE9NGjW1ZvIOd1So</a>",26w9NTiE9NGjW1ZvIOd1So,EL ÚLTIMO TOUR DEL MUNDO
LA DROGA,67ACYA3UI6QMNtHX6b34wX,2.7,"<a href=""https://open.spotify.com/track/67ACYA3UI6QMNtHX6b34wX"" target=""_blank"">https://open.spotify.com/track/67ACYA3UI6QMNtHX6b34wX</a>",67ACYA3UI6QMNtHX6b34wX,EL ÚLTIMO TOUR DEL MUNDO
DÁKITI,4MzXwWMhyBbmu6hOcLVD49,3.42,"<a href=""https://open.spotify.com/track/4MzXwWMhyBbmu6hOcLVD49"" target=""_blank"">https://open.spotify.com/track/4MzXwWMhyBbmu6hOcLVD49</a>",4MzXwWMhyBbmu6hOcLVD49,EL ÚLTIMO TOUR DEL MUNDO
TRELLAS,09WAnxdBuebQopKhJT3oZS,2.63,"<a href=""https://open.spotify.com/track/09WAnxdBuebQopKhJT3oZS"" target=""_blank"">https://open.spotify.com/track/09WAnxdBuebQopKhJT3oZS</a>",09WAnxdBuebQopKhJT3oZS,EL ÚLTIMO TOUR DEL MUNDO
SORRY PAPI,5jZ32WOU7sqzDYbzINwMUk,2.72,"<a href=""https://open.spotify.com/track/5jZ32WOU7sqzDYbzINwMUk"" target=""_blank"">https://open.spotify.com/track/5jZ32WOU7sqzDYbzINwMUk</a>",5jZ32WOU7sqzDYbzINwMUk,EL ÚLTIMO TOUR DEL MUNDO
120,3KJ3opyV29269SXkPrc19l,2.53,"<a href=""https://open.spotify.com/track/3KJ3opyV29269SXkPrc19l"" target=""_blank"">https://open.spotify.com/track/3KJ3opyV29269SXkPrc19l</a>",3KJ3opyV29269SXkPrc19l,EL ÚLTIMO TOUR DEL MUNDO
ANTES QUE SE ACABE,7kjEqI6eZ7YlFrGhxixnlN,3.69,"<a href=""https://open.spotify.com/track/7kjEqI6eZ7YlFrGhxixnlN"" target=""_blank"">https://open.spotify.com/track/7kjEqI6eZ7YlFrGhxixnlN</a>",7kjEqI6eZ7YlFrGhxixnlN,EL ÚLTIMO TOUR DEL MUNDO
CANTARES DE NAVIDAD,2Iv6YBslkxslMJQsxshZh5,3.33,"<a href=""https://open.spotify.com/track/2Iv6YBslkxslMJQsxshZh5"" target=""_blank"">https://open.spotify.com/track/2Iv6YBslkxslMJQsxshZh5</a>",2Iv6YBslkxslMJQsxshZh5,EL ÚLTIMO TOUR DEL MUNDO
SI ELLA SALE,1zaDh3qaGSeSmulNyWlUxm,2.39,"<a href=""https://open.spotify.com/track/1zaDh3qaGSeSmulNyWlUxm"" target=""_blank"">https://open.spotify.com/track/1zaDh3qaGSeSmulNyWlUxm</a>",1zaDh3qaGSeSmulNyWlUxm,LAS QUE NO IBAN A SALIR
MÁS DE UNA CITA,4EJHKSnHENfjOxXWryyNtL,3.06,"<a href=""https://open.spotify.com/track/4EJHKSnHENfjOxXWryyNtL"" target=""_blank"">https://open.spotify.com/track/4EJHKSnHENfjOxXWryyNtL</a>",4EJHKSnHENfjOxXWryyNtL,LAS QUE NO IBAN A SALIR
BYE ME FUI,0FktnzDqjClqU6iqOZVEs2,2.97,"<a href=""https://open.spotify.com/track/0FktnzDqjClqU6iqOZVEs2"" target=""_blank"">https://open.spotify.com/track/0FktnzDqjClqU6iqOZVEs2</a>",0FktnzDqjClqU6iqOZVEs2,LAS QUE NO IBAN A SALIR
CANCIÓN CON YANDEL,3pm4XtcsRIFFtH2UErk62R,3.49,"<a href=""https://open.spotify.com/track/3pm4XtcsRIFFtH2UErk62R"" target=""_blank"">https://open.spotify.com/track/3pm4XtcsRIFFtH2UErk62R</a>",3pm4XtcsRIFFtH2UErk62R,LAS QUE NO IBAN A SALIR
PA' ROMPERLA,5XqCz18k96K8tx6DAYM97i,3.24,"<a href=""https://open.spotify.com/track/5XqCz18k96K8tx6DAYM97i"" target=""_blank"">https://open.spotify.com/track/5XqCz18k96K8tx6DAYM97i</a>",5XqCz18k96K8tx6DAYM97i,LAS QUE NO IBAN A SALIR
BAD CON NICKY,5bmSver2b3ZXyuyLKtgnFI,3.37,"<a href=""https://open.spotify.com/track/5bmSver2b3ZXyuyLKtgnFI"" target=""_blank"">https://open.spotify.com/track/5bmSver2b3ZXyuyLKtgnFI</a>",5bmSver2b3ZXyuyLKtgnFI,LAS QUE NO IBAN A SALIR
BENDICIONES,2CoMYp2uIKsT09nreEZnZn,2.58,"<a href=""https://open.spotify.com/track/2CoMYp2uIKsT09nreEZnZn"" target=""_blank"">https://open.spotify.com/track/2CoMYp2uIKsT09nreEZnZn</a>",2CoMYp2uIKsT09nreEZnZn,LAS QUE NO IBAN A SALIR
CÓMO SE SIENTE - Remix,2tFwfmceQa1Y6nRPhYbEtC,3.79,"<a href=""https://open.spotify.com/track/2tFwfmceQa1Y6nRPhYbEtC"" target=""_blank"">https://open.spotify.com/track/2tFwfmceQa1Y6nRPhYbEtC</a>",2tFwfmceQa1Y6nRPhYbEtC,LAS QUE NO IBAN A SALIR
RONCA FREESTYLE,3XZeOzJ9tqnu58YP6cqApI,2.5,"<a href=""https://open.spotify.com/track/3XZeOzJ9tqnu58YP6cqApI"" target=""_blank"">https://open.spotify.com/track/3XZeOzJ9tqnu58YP6cqApI</a>",3XZeOzJ9tqnu58YP6cqApI,LAS QUE NO IBAN A SALIR
EN CASITA,2DhNdoHxavs7Qtf5MnhZD0,2.94,"<a href=""https://open.spotify.com/track/2DhNdoHxavs7Qtf5MnhZD0"" target=""_blank"">https://open.spotify.com/track/2DhNdoHxavs7Qtf5MnhZD0</a>",2DhNdoHxavs7Qtf5MnhZD0,LAS QUE NO IBAN A SALIR
Si Veo a Tu Mamá,41wtwzCZkXwpnakmwJ239F,2.85,"<a href=""https://open.spotify.com/track/41wtwzCZkXwpnakmwJ239F"" target=""_blank"">https://open.spotify.com/track/41wtwzCZkXwpnakmwJ239F</a>",41wtwzCZkXwpnakmwJ239F,YHLQMDLG
La Difícil,6NfrH0ANGmgBXyxgV2PeXt,2.72,"<a href=""https://open.spotify.com/track/6NfrH0ANGmgBXyxgV2PeXt"" target=""_blank"">https://open.spotify.com/track/6NfrH0ANGmgBXyxgV2PeXt</a>",6NfrH0ANGmgBXyxgV2PeXt,YHLQMDLG
Pero Ya No,75pQqzwgCjUOSSy5CpmAjy,2.68,"<a href=""https://open.spotify.com/track/75pQqzwgCjUOSSy5CpmAjy"" target=""_blank"">https://open.spotify.com/track/75pQqzwgCjUOSSy5CpmAjy</a>",75pQqzwgCjUOSSy5CpmAjy,YHLQMDLG
La Santa,69vlMrzHwATKzupwNcUPyK,3.44,"<a href=""https://open.spotify.com/track/69vlMrzHwATKzupwNcUPyK"" target=""_blank"">https://open.spotify.com/track/69vlMrzHwATKzupwNcUPyK</a>",69vlMrzHwATKzupwNcUPyK,YHLQMDLG
Yo Perreo Sola,0SqqAgdovOE24BzxIClpjw,2.87,"<a href=""https://open.spotify.com/track/0SqqAgdovOE24BzxIClpjw"" target=""_blank"">https://open.spotify.com/track/0SqqAgdovOE24BzxIClpjw</a>",0SqqAgdovOE24BzxIClpjw,YHLQMDLG
Bichiyal,4j4w4CXm6BSr0s25wAWrrX,3.27,"<a href=""https://open.spotify.com/track/4j4w4CXm6BSr0s25wAWrrX"" target=""_blank"">https://open.spotify.com/track/4j4w4CXm6BSr0s25wAWrrX</a>",4j4w4CXm6BSr0s25wAWrrX,YHLQMDLG
Soliá,7sOfmPd18RWp3FoCzpa7Kw,2.65,"<a href=""https://open.spotify.com/track/7sOfmPd18RWp3FoCzpa7Kw"" target=""_blank"">https://open.spotify.com/track/7sOfmPd18RWp3FoCzpa7Kw</a>",7sOfmPd18RWp3FoCzpa7Kw,YHLQMDLG
La Zona,5kqNIqFjijuzvVLhuY9B8j,2.28,"<a href=""https://open.spotify.com/track/5kqNIqFjijuzvVLhuY9B8j"" target=""_blank"">https://open.spotify.com/track/5kqNIqFjijuzvVLhuY9B8j</a>",5kqNIqFjijuzvVLhuY9B8j,YHLQMDLG
Que Malo,53v2u51nq3CxiKUNphRzP1,2.8,"<a href=""https://open.spotify.com/track/53v2u51nq3CxiKUNphRzP1"" target=""_blank"">https://open.spotify.com/track/53v2u51nq3CxiKUNphRzP1</a>",53v2u51nq3CxiKUNphRzP1,YHLQMDLG
Vete,2n7ohqg1s68ToAHh4u9mcW,3.2,"<a href=""https://open.spotify.com/track/2n7ohqg1s68ToAHh4u9mcW"" target=""_blank"">https://open.spotify.com/track/2n7ohqg1s68ToAHh4u9mcW</a>",2n7ohqg1s68ToAHh4u9mcW,YHLQMDLG
Ignorantes,38RIEav39FGi86jppxO0du,3.51,"<a href=""https://open.spotify.com/track/38RIEav39FGi86jppxO0du"" target=""_blank"">https://open.spotify.com/track/38RIEav39FGi86jppxO0du</a>",38RIEav39FGi86jppxO0du,YHLQMDLG
A Tu Merced,4r9jkMEnArtWGH2rL2FZl0,2.93,"<a href=""https://open.spotify.com/track/4r9jkMEnArtWGH2rL2FZl0"" target=""_blank"">https://open.spotify.com/track/4r9jkMEnArtWGH2rL2FZl0</a>",4r9jkMEnArtWGH2rL2FZl0,YHLQMDLG
Una Vez,5J7teKIJGtqVypgYI6sqXj,3.87,"<a href=""https://open.spotify.com/track/5J7teKIJGtqVypgYI6sqXj"" target=""_blank"">https://open.spotify.com/track/5J7teKIJGtqVypgYI6sqXj</a>",5J7teKIJGtqVypgYI6sqXj,YHLQMDLG
Safaera,2DEZmgHKAvm41k4J3R2E9Y,4.92,"<a href=""https://open.spotify.com/track/2DEZmgHKAvm41k4J3R2E9Y"" target=""_blank"">https://open.spotify.com/track/2DEZmgHKAvm41k4J3R2E9Y</a>",2DEZmgHKAvm41k4J3R2E9Y,YHLQMDLG
25/8,4NqQaovM14WR2hNPMFxgjb,4.05,"<a href=""https://open.spotify.com/track/4NqQaovM14WR2hNPMFxgjb"" target=""_blank"">https://open.spotify.com/track/4NqQaovM14WR2hNPMFxgjb</a>",4NqQaovM14WR2hNPMFxgjb,YHLQMDLG
Está Cabrón Ser Yo,4saHEjXw7O1NXJOzBkUKKG,3.8,"<a href=""https://open.spotify.com/track/4saHEjXw7O1NXJOzBkUKKG"" target=""_blank"">https://open.spotify.com/track/4saHEjXw7O1NXJOzBkUKKG</a>",4saHEjXw7O1NXJOzBkUKKG,YHLQMDLG
Puesto Pa' Guerrial,5gCg2qMPzKkW4jS4dBKdDs,3.17,"<a href=""https://open.spotify.com/track/5gCg2qMPzKkW4jS4dBKdDs"" target=""_blank"">https://open.spotify.com/track/5gCg2qMPzKkW4jS4dBKdDs</a>",5gCg2qMPzKkW4jS4dBKdDs,YHLQMDLG
P FKN R,0fgsKar6uBO08vzHXkTjWi,4.3,"<a href=""https://open.spotify.com/track/0fgsKar6uBO08vzHXkTjWi"" target=""_blank"">https://open.spotify.com/track/0fgsKar6uBO08vzHXkTjWi</a>",0fgsKar6uBO08vzHXkTjWi,YHLQMDLG
Hablamos Mañana,1V8XneTrX6kKeoxYbk4x6h,4.0,"<a href=""https://open.spotify.com/track/1V8XneTrX6kKeoxYbk4x6h"" target=""_blank"">https://open.spotify.com/track/1V8XneTrX6kKeoxYbk4x6h</a>",1V8XneTrX6kKeoxYbk4x6h,YHLQMDLG
<3,4MZSqgwlE71CWZ6qQ3gkKm,2.63,"<a href=""https://open.spotify.com/track/4MZSqgwlE71CWZ6qQ3gkKm"" target=""_blank"">https://open.spotify.com/track/4MZSqgwlE71CWZ6qQ3gkKm</a>",4MZSqgwlE71CWZ6qQ3gkKm,YHLQMDLG
MOJAITA,71pEiUWwfDFiRO6RmFpnBf,3.12,"<a href=""https://open.spotify.com/track/71pEiUWwfDFiRO6RmFpnBf"" target=""_blank"">https://open.spotify.com/track/71pEiUWwfDFiRO6RmFpnBf</a>",71pEiUWwfDFiRO6RmFpnBf,OASIS
YO LE LLEGO,0uIfrUwwg0Z7KTitul7E3T,4.16,"<a href=""https://open.spotify.com/track/0uIfrUwwg0Z7KTitul7E3T"" target=""_blank"">https://open.spotify.com/track/0uIfrUwwg0Z7KTitul7E3T</a>",0uIfrUwwg0Z7KTitul7E3T,OASIS
CUIDAO POR AHÍ,6SYSu569pfYdkDT9A5lZqi,3.31,"<a href=""https://open.spotify.com/track/6SYSu569pfYdkDT9A5lZqi"" target=""_blank"">https://open.spotify.com/track/6SYSu569pfYdkDT9A5lZqi</a>",6SYSu569pfYdkDT9A5lZqi,OASIS
QUE PRETENDES,25ZAibhr3bdlMCLmubZDVt,3.71,"<a href=""https://open.spotify.com/track/25ZAibhr3bdlMCLmubZDVt"" target=""_blank"">https://open.spotify.com/track/25ZAibhr3bdlMCLmubZDVt</a>",25ZAibhr3bdlMCLmubZDVt,OASIS
LA CANCIÓN,0fea68AdmYNygeTGI4RC18,4.04,"<a href=""https://open.spotify.com/track/0fea68AdmYNygeTGI4RC18"" target=""_blank"">https://open.spotify.com/track/0fea68AdmYNygeTGI4RC18</a>",0fea68AdmYNygeTGI4RC18,OASIS
UN PESO,7hynhxDoDpgMIV12JuVtNa,4.62,"<a href=""https://open.spotify.com/track/7hynhxDoDpgMIV12JuVtNa"" target=""_blank"">https://open.spotify.com/track/7hynhxDoDpgMIV12JuVtNa</a>",7hynhxDoDpgMIV12JuVtNa,OASIS
ODIO,7alOsNr36sJ8CyOEP4aILq,4.51,"<a href=""https://open.spotify.com/track/7alOsNr36sJ8CyOEP4aILq"" target=""_blank"">https://open.spotify.com/track/7alOsNr36sJ8CyOEP4aILq</a>",7alOsNr36sJ8CyOEP4aILq,OASIS
COMO UN BEBÉ,7knLcYCOSaURD0d7HUULFM,3.65,"<a href=""https://open.spotify.com/track/7knLcYCOSaURD0d7HUULFM"" target=""_blank"">https://open.spotify.com/track/7knLcYCOSaURD0d7HUULFM</a>",7knLcYCOSaURD0d7HUULFM,OASIS
NI BIEN NI MAL,278kSqsZIiYp8p3QjYAqa8,3.94,"<a href=""https://open.spotify.com/track/278kSqsZIiYp8p3QjYAqa8"" target=""_blank"">https://open.spotify.com/track/278kSqsZIiYp8p3QjYAqa8</a>",278kSqsZIiYp8p3QjYAqa8,X 100PRE
200 Mph,5jGUJXnELDaDTgiRjD9lsg,2.84,"<a href=""https://open.spotify.com/track/5jGUJXnELDaDTgiRjD9lsg"" target=""_blank"">https://open.spotify.com/track/5jGUJXnELDaDTgiRjD9lsg</a>",5jGUJXnELDaDTgiRjD9lsg,X 100PRE
¿Quien Tu Eres?,6kN06eEOblRAuWI0xUUS91,2.65,"<a href=""https://open.spotify.com/track/6kN06eEOblRAuWI0xUUS91"" target=""_blank"">https://open.spotify.com/track/6kN06eEOblRAuWI0xUUS91</a>",6kN06eEOblRAuWI0xUUS91,X 100PRE
Caro,6it15CsDlkqB7N4lF0C1qM,3.82,"<a href=""https://open.spotify.com/track/6it15CsDlkqB7N4lF0C1qM"" target=""_blank"">https://open.spotify.com/track/6it15CsDlkqB7N4lF0C1qM</a>",6it15CsDlkqB7N4lF0C1qM,X 100PRE
Tenemos Que Hablar,5VQpJ2AY2iMzrRZKgcvNjh,3.74,"<a href=""https://open.spotify.com/track/5VQpJ2AY2iMzrRZKgcvNjh"" target=""_blank"">https://open.spotify.com/track/5VQpJ2AY2iMzrRZKgcvNjh</a>",5VQpJ2AY2iMzrRZKgcvNjh,X 100PRE
Otra Noche en Miami,4vCAzANUWDE24URV6wQ4ra,3.89,"<a href=""https://open.spotify.com/track/4vCAzANUWDE24URV6wQ4ra"" target=""_blank"">https://open.spotify.com/track/4vCAzANUWDE24URV6wQ4ra</a>",4vCAzANUWDE24URV6wQ4ra,X 100PRE
Ser Bichote,4UEuIEv9Wc3wtiWUplGJ7q,3.22,"<a href=""https://open.spotify.com/track/4UEuIEv9Wc3wtiWUplGJ7q"" target=""_blank"">https://open.spotify.com/track/4UEuIEv9Wc3wtiWUplGJ7q</a>",4UEuIEv9Wc3wtiWUplGJ7q,X 100PRE
Si Estuviésemos Juntos,35wvL50xvKpCHEJPxLOLPI,2.82,"<a href=""https://open.spotify.com/track/35wvL50xvKpCHEJPxLOLPI"" target=""_blank"">https://open.spotify.com/track/35wvL50xvKpCHEJPxLOLPI</a>",35wvL50xvKpCHEJPxLOLPI,X 100PRE
Solo de Mi,4uP3pUP18ennmz0tb3GphR,3.3,"<a href=""https://open.spotify.com/track/4uP3pUP18ennmz0tb3GphR"" target=""_blank"">https://open.spotify.com/track/4uP3pUP18ennmz0tb3GphR</a>",4uP3pUP18ennmz0tb3GphR,X 100PRE
Cuando Perriabas,5mj8WVFcKdGA8p9HWGTSLc,3.14,"<a href=""https://open.spotify.com/track/5mj8WVFcKdGA8p9HWGTSLc"" target=""_blank"">https://open.spotify.com/track/5mj8WVFcKdGA8p9HWGTSLc</a>",5mj8WVFcKdGA8p9HWGTSLc,X 100PRE
La Romana,1khmgu0pveJbkbpbkyvcQv,5.01,"<a href=""https://open.spotify.com/track/1khmgu0pveJbkbpbkyvcQv"" target=""_blank"">https://open.spotify.com/track/1khmgu0pveJbkbpbkyvcQv</a>",1khmgu0pveJbkbpbkyvcQv,X 100PRE
Como Antes,69ZaPBHhRMRDjRpW1ivnOU,3.84,"<a href=""https://open.spotify.com/track/69ZaPBHhRMRDjRpW1ivnOU"" target=""_blank"">https://open.spotify.com/track/69ZaPBHhRMRDjRpW1ivnOU</a>",69ZaPBHhRMRDjRpW1ivnOU,X 100PRE
RLNDT,6pZHZndlo57dPCYnvlYFOE,4.75,"<a href=""https://open.spotify.com/track/6pZHZndlo57dPCYnvlYFOE"" target=""_blank"">https://open.spotify.com/track/6pZHZndlo57dPCYnvlYFOE</a>",6pZHZndlo57dPCYnvlYFOE,X 100PRE
Estamos Bien,2OWVCFTolecLiGZPquvWvT,3.47,"<a href=""https://open.spotify.com/track/2OWVCFTolecLiGZPquvWvT"" target=""_blank"">https://open.spotify.com/track/2OWVCFTolecLiGZPquvWvT</a>",2OWVCFTolecLiGZPquvWvT,X 100PRE
MIA,3gE4eQH3K83Sght0ZLvuBK,3.51,"<a href=""https://open.spotify.com/track/3gE4eQH3K83Sght0ZLvuBK"" target=""_blank"">https://open.spotify.com/track/3gE4eQH3K83Sght0ZLvuBK</a>",3gE4eQH3K83Sght0ZLvuBK,X 100PRE
